"individual","population","dist_1","dist_2","dist_3","dist_4","dist_5","dist_6","dist_7","dist_8","dist_9","dist_10","dist_11","dist_12","dist_13","dist_14","dist_15","dist_16","dist_17","dist_18","dist_19","dist_20","dist_21","dist_22","dist_23","dist_24","dist_25","dist_26","dist_27","dist_28","dist_29","dist_30","dist_31","dist_32","dist_33","dist_34","dist_35","dist_36","dist_37","dist_38","dist_39","dist_40"
"ERR9709202","KARM",7.80632863333998e-05,-0.000794683382301167,-0.00197615732532586,-0.000778422400395568,7.73684160363619e-05,0.00061898932218075,6.65141209296808e-05,-0.000274946105322581,-0.000295641281109011,0.000156198740110935,-0.000351828013290881,0.000648400369864125,-0.00045731824030663,-9.46312442966031e-05,0.000443606921147033,-5.23441449707742e-05,-0.000200519419339305,-0.000724678901188716,-0.00123412814780392,-0.00050688422206761,0.000330384756288034,-0.000310155616973591,-0.000513699933260915,-0.00104782426495564,-0.000562228327702654,0.00119410198918744,-0.000357435144669632,-0.000758754540142296,0.00167386199958404,-0.00144585799890025,5.85897909495694e-05,-0.000873408069318236,0.000365981195071501,8.55572947092655e-05,-0.000294878015283372,2.20919913203727e-05,-0.000262253722460773,2.58590574023838e-05,-8.45607737733585e-05,2.9440334433243e-06
"ERR9709203","KARM",-6.38293242428661e-05,-1.06848782827423e-05,-0.000169427711885242,-1.39790111093681e-05,7.25657640310376e-06,4.95337907350928e-05,-3.72887762782475e-05,-3.19097032573967e-05,-8.56922222004566e-06,-3.53747870640403e-05,-2.89377833188317e-05,-2.09621818516372e-05,-3.04689141764385e-05,4.37576436167647e-05,-2.77418050442336e-06,1.39049309838494e-06,1.07151864925263e-05,-3.86581173605883e-05,-5.5853442900676e-06,5.06979193299487e-05,1.80906671825435e-05,-2.78567714219093e-05,-2.03186013883039e-05,6.21037201740364e-06,-5.60116463609543e-05,1.96298944366932e-05,-1.15723024632704e-06,-9.87096886068192e-06,-6.59464672712301e-06,-3.0333698223599e-05,1.36809265956728e-05,-7.35818046546017e-06,1.63916646332089e-05,-3.02349991808069e-05,-7.37768415509762e-06,1.3078824425594e-05,1.45260838391693e-05,9.46385320127538e-05,-0.000207028507351356,-0.000112917855535669
"ERR9709204","KARM",-0.0011848322461227,0.000307451161628574,-0.000875908911034052,0.000231416063143385,9.69624580061308e-05,-0.000146073361232817,-0.000139141700011619,-4.73650442305115e-05,0.000308936515452873,-0.000122219934902913,-4.93715792442064e-05,-4.78827389637366e-05,1.50721688632392e-05,6.01704202274444e-05,-6.98294165460284e-05,-7.81778150471037e-06,0.000146165689268966,-0.000182037680291187,-0.000370887884838572,0.0001274092903749,0.000228212866993939,0.000281579473552604,0.00022735343932523,0.00035412718176758,-0.000115944632019513,-4.09532041351858e-05,0.00027244603555302,-3.18174659050406e-05,0.000168697470249486,0.000451679628710285,-0.000170438895691639,-0.000280608124924219,0.000219376104083961,-0.000201279669304683,0.000238123591945671,-0.0013541520214872,0.0033225806298506,0.000157357493707484,-9.04232839769627e-05,3.12312321788144e-05
"ERR9709206","MORE",-0.000402496234894506,-1.24306128077765e-05,-0.0012312539767912,-0.00052658467224399,-2.38786364754209e-05,-0.000185836176894813,-0.000368959571136698,-0.00069879819432231,0.000210669503024559,7.93259888836995e-05,-0.000201641081601632,8.0889782240404e-05,0.000417737273373499,0.000279153488661472,-0.000485498733652524,-0.000492971386935289,-0.00045494565814549,0.00114118753065513,0.000695387085867093,0.00027467519213485,-0.000595783618282627,0.000626196401120515,0.000787181851826749,0.000261039378655808,0.00249959560477544,-0.000227893312488009,0.000325689405134746,-0.000460927134453957,-0.000740486549751682,-0.00156947999837057,0.0011087744811883,-0.000325814919000622,0.000467177183920382,0.000341990887176386,-1.70851466820724e-05,0.000361358926354435,1.73183395179982e-05,9.21843732833344e-05,-8.18375101366583e-05,2.69564621977799e-06
"ERR9709208","MORE",-0.000710948980348926,0.000430100896002859,-0.00113448316520526,-8.61913108095673e-05,-8.78961432205992e-06,-3.29859795199048e-06,0.000522918966531372,0.000242207612238471,-9.9426924646555e-05,0.000370634017119932,0.00136699915682795,0.000400662811978784,-0.000982695933238906,-0.000903058707448801,9.42659867254213e-05,0.000415221171035488,-0.000904916471533379,-0.000904972332950782,-0.000176804210561395,0.00168328782199463,0.000335124693982664,-0.000598439134231389,6.71793856945028e-05,0.00025621167549931,-0.000479410409313226,0.000374779206446352,-2.91335795877432e-05,0.000926821100403163,-0.00180522446390984,-0.000744425585777129,-8.12401938452361e-05,9.75647625905304e-05,-0.00124118937389254,0.000590784708592995,0.000449695197778605,8.54669292572468e-05,-0.000188100873039961,-5.60054533452196e-05,-2.78804595126899e-05,7.55020303507041e-06
"ERR9709209","RISO",0.000210898077207299,-0.00124743135149315,0.000547930961954278,0.000328465716308014,-0.000149404179716659,0.000166305313554378,-0.000395005990127493,0.00110612596300533,0.00085656432826355,0.000990250881610882,-0.000692506869642512,0.000201941131372012,0.000690931782988802,-0.000784844846029141,0.000902553514858149,-0.000725457450941187,-0.000347280577872582,0.00042846533511517,0.00141770889679267,0.000474778266310436,0.00139059222430632,0.000121945892242597,-0.000848034367704023,0.0014739710205705,-2.93036055218314e-05,0.00149672540476556,0.000325270890902669,-0.000375525673632497,-7.35957727364897e-05,0.000167205012484076,-7.19243450487758e-05,-0.000738126173889222,0.000148725708052752,0.00021198846632713,-0.00011665196429258,-0.000512701836189613,-0.000242708548854077,2.12521462297142e-05,-0.000116895983464424,-3.57768363101165e-06
"ERR9709210","RISO",-0.000388259236295018,-0.000113189657471462,-0.00119140413826535,-0.000439033527095989,0.000420463498441271,-9.87129954069862e-05,0.000148776460448012,0.000449227309089375,0.000187570984111525,0.000459065142199908,-8.19013872049201e-06,0.0016426151922811,-5.36201287859982e-05,-0.000201294228473693,-0.000408719944665782,-0.000414880090684812,0.000434976072551269,-0.000321991755079764,0.00108977635190081,-0.00201869191454034,0.000264790832823687,-8.61130010692997e-05,-0.00133068580933185,-0.000789457518064597,0.000748477748317156,-0.000498699771357796,-0.000601633368339058,0.000348942252895983,-0.000946298682036211,0.000784799026280565,-0.00102343865680121,0.00110223845769552,8.52404091085333e-05,5.00604894543476e-05,5.97391462560767e-05,0.000169275263981358,4.05326225706651e-06,8.68462755182172e-05,-9.11349943949817e-05,1.84529570107753e-05
"ERR9709211","RISO",-0.00128053196837479,0.000329754360890067,-0.00140177254821904,-0.00077529473748919,-0.000503268703767512,0.000436941478812772,-0.000402177766960547,-0.00032963029320059,-0.000338331338746918,-0.000929245563154917,-0.000294626593611633,-0.00073369942617023,-0.000284390520654541,0.0005710681510045,0.000161376517192852,-0.000495289348803948,0.000447713629613911,0.00101988071920653,0.00105093360863081,0.000574058777750288,0.00165821409800187,-0.000195535030853547,0.00048250642110817,0.000282865485150721,-0.00109634821189403,-0.000476727141079543,0.000668745058540835,0.00020387378777937,0.0009654235289709,0.000424282082362011,0.000241862613895966,0.00150705556149744,-0.000123411039300211,-0.000162666325881554,0.000300169011443137,0.000725802084664256,-0.000408148569917987,7.21719800928084e-05,5.78744304513667e-05,1.86012441120801e-05
"ERR9709212","RISO",-1.74498569760381e-05,-0.000539941469689733,-0.000284762790693944,0.00104545180794271,0.00102893155145587,-0.00122402539027373,-0.000459810151648694,0.000512797331704328,0.000847906780614255,-0.000195581195361034,-0.000711820297091176,0.000726000454905869,-0.00121409330938047,0.00111106053950407,0.000895900660514767,0.000897685140444494,0.000164692688491711,-0.000674473003578129,0.000212927138232783,-0.000142991690588123,-0.00113972919020172,0.000529469848604887,3.4655128051814e-05,0.000791514043652244,-0.000615856798805894,0.000254371858188373,-0.000264971156609133,0.000614683984594152,0.000212547248054095,4.90340330003863e-06,0.00166324370380723,0.000750562207188667,0.000621700997585591,-9.70978040199392e-05,0.000773933863591477,0.000149925375769733,-0.000312945185660814,0.00014646080551848,-2.81965184699857e-05,1.2405701833591e-05
"ERR9709213","MÅSE",-0.000695300291357333,-0.000567385448719915,0.000289299482928691,-0.00025214065455998,0.000172105526680729,-0.000437601435976727,0.00079012551661308,0.00110108347089174,-0.000909798317540557,-0.000539952248415876,0.00153094977409005,-0.000726733019263423,0.000370110461138109,-0.000583970642147094,0.00127718163622048,-0.000756183845204327,0.0010460214037899,-0.000188248656894426,-0.000189234727709084,-0.00124739348551319,6.92467025902929e-06,0.000320520945160194,0.000865562256602362,0.000436860169860872,0.000655945760238922,6.87194086694189e-05,-2.63022820224733e-05,0.00173951498192128,0.000584250004713304,-0.000436062772123588,0.000488218531730653,-0.000241337351759973,-0.000299624995709192,-0.000335310925419767,-0.000929562023489949,-0.000239132719445357,-0.0001350378165004,-4.37823288870433e-05,-7.16758300598335e-05,2.93082034723808e-06
"ERR9709214","MÅSE",-0.00147388089511436,0.000364978689274593,0.00102182446052934,-0.000564375346829942,0.00022621986128236,-0.00118866554831461,0.000426245449786982,0.00128840475846173,-0.000513807684512645,-0.000910328537250274,-0.00161398542260545,-0.000996002645100055,-0.00039251405311606,-0.000227979159552399,-0.00124836570801983,0.000177094645439244,-0.000427475254716065,0.000833531147462668,0.000232755365086561,0.000188675215996934,-0.00065737498068808,-0.00100226728437333,-0.000591878080027797,-0.000809524483236811,-0.000139980019237719,0.00125012397182329,-0.000532362507677403,0.000325202551211565,-0.000242549647735924,-0.000702016018544617,-0.000256229451238356,0.000314013120364713,0.000150377847861161,-0.0001155389507142,-0.000546527533047874,-7.44656365757514e-05,0.000200662066981807,-9.62339121368426e-05,9.65672180459295e-05,1.84941735469136e-05
"ERR9709215","MÅSE",-0.00128421881711122,0.000269123534839525,-1.36143085513238e-05,0.000943401912679456,0.000503464717621786,-0.000655993226658807,0.00114733523719803,0.000573598182848843,5.81002681355311e-05,-0.000601934137036498,0.000191213461577896,0.000134405618184851,0.000449176416562249,-0.000972045345277121,0.000609992267949898,-0.000269358144859997,-0.00116938179908422,-0.000238696169683391,0.000189556143464519,-0.000164238611186954,-0.000463709214135623,4.60516137397916e-05,9.97661880468626e-05,0.00011598452751223,-0.00081734463528954,-0.00165244869826931,0.00105803712932389,-0.00114001283567039,0.000119615809048762,-0.000216020196476933,-0.000872034539331767,-0.000794884850257008,0.00133905753561035,5.03476792266059e-05,0.000156013224197546,0.00101457337178409,-0.000228742227230373,-3.28551068557623e-05,3.28157726935149e-05,1.72214768766954e-05
"ERR9709216","KALI",0.00203543685013679,-0.000147766959856857,3.26477672866288e-05,0.000403850327267734,0.000361098887044565,-0.00071673665718161,-0.000341690444404427,-0.000606515636707145,-0.0018300085447805,-0.00033987358443327,0.00051777574786717,0.000289210162560622,-0.000861983630119216,-0.000317747190334955,-0.000626434300156151,-0.00190932855948842,0.00120316190777368,7.50209631677813e-07,0.000919064295346614,0.00129165197651273,-0.000779319021637029,0.000163465773144091,-0.000890798536747912,-7.35919111524177e-05,-0.000531242194993241,-0.000265002426202274,-0.000176288488435056,-8.20482051238922e-05,0.000176463694612403,5.2896604869695e-06,-3.06822470231798e-05,-0.000457926662927243,0.00049129215343819,0.000278377701518505,4.27969363648753e-05,-0.000191197596963014,0.000227430916434173,0.000187884804692618,-0.00014255794774646,-9.78747167604463e-06
"ERR9709217","KALI",0.00151276085720453,9.57548384996692e-06,-0.000470596242903563,0.00075567733506519,-3.01757111940238e-05,-0.000432626558722462,0.000259192428467642,-0.000711298851761753,-4.8387487917077e-05,0.000147040399299369,-0.00066957630310588,-0.00126675011729686,0.00152482729107766,-0.00141462469379241,-0.000552239641527296,-0.000376803898908486,-7.7590614000637e-05,-0.000305765917098127,-0.0013202699550706,-0.000709246749436961,0.000170596309262742,0.000872521036742668,-0.000206843000993388,0.000689825781153596,-0.000663973489166997,0.00027388323544452,-0.000273669578099763,-0.000172396901151151,-0.00060179049032245,-0.000711727992509269,0.000194683664368772,0.00182326570004929,-5.54799466699459e-05,2.32359677458192e-05,0.000365747394958739,0.000105195648313591,1.20874582110841e-05,0.000250245255625865,-0.000185679533367778,-3.58852201219178e-06
"ERR9709218","KALI",0.000936580481501281,0.000932768793898439,-0.000125155290451306,0.000149501699469353,0.000474555418226013,-0.000116224724812973,-0.00117610356893722,-0.00088178842889112,-0.000708281022782256,-0.000794024602099064,-0.0012801791477983,-0.000214347675525398,-0.000260459533643115,-0.000886428823151238,0.000754671442144081,0.000799884065384799,-0.00127792302174238,-0.000427776572189645,-0.000185446117152405,0.000231659975084101,0.000610311607868311,0.000832487433812007,-0.000368667138927058,-0.00041239197451253,0.00112427739920867,1.00826163959954e-05,0.000426183597359525,0.00165735098878235,0.000339778050983793,0.00103608381176561,-0.000554946411947872,-0.000795743921979691,-1.73522033291426e-05,-0.00033819321822864,-0.000240966588557266,0.000462673297936957,-0.000146559912533625,0.000161535194830678,-5.94247480650924e-05,1.34661733550017e-06
"ERR9709219","KALM",0.000792197536827986,0.00052109779886803,-0.000621688757174587,0.00067723568233242,0.000183647981820262,-0.000203133028916005,-5.81765092627572e-05,0.000318059727257909,0.000699580959911938,8.55492464236302e-05,0.000140169180738144,0.000194817304987486,-2.09160230237416e-05,0.000385118696287997,-7.40608631008162e-05,0.000452747730850136,0.000141120313478599,0.00018665528644755,0.000127429523167211,0.000269115025961083,-0.000798489559927614,0.000224945768025877,1.85092746914504e-05,0.00029084543544355,-0.000173773353152812,0.000102580408948812,0.000472657565745037,-0.00084980724375074,0.000403930369711348,0.000439790732452406,-0.00025768103194138,0.000390904282490458,-0.00153998518776178,0.000537838420528761,-0.00292868115450901,0.000754070427866277,0.000265237572775787,0.000378281634656054,-9.30103160771297e-05,1.46728716244288e-05
"ERR9709220","KALM",2.5007513321157e-05,0.00169430134686359,0.000909790226805954,0.000318057493449133,0.000182560822240957,0.00252468809456275,-0.000453233425505109,0.000789003736533367,-0.000587688390532739,-0.000302343470884865,-0.000413145300277594,0.000229104196809058,-9.73404694391955e-05,0.00111948457482576,-0.000474166492140808,-0.00151033584246551,-0.000884130899057011,-0.0011161407906734,-5.41390319623068e-05,-0.000876160747348564,-0.00015265230136887,-3.96463703982645e-05,0.000244487836627062,0.000618061606822669,-0.000351376087390448,0.000259047438797862,1.23001811276488e-05,1.04717281996103e-05,-0.000534206611760356,-0.000275761942215552,0.000691807295676932,-0.00017658155023255,-5.90095502509869e-05,-9.69602734704439e-05,-6.17661738067672e-05,0.000392048550319853,0.000161283599026913,8.82464874767183e-05,-1.50194612124639e-05,4.7510044152344e-06
"ERR9709221","KALM",0.000461698596280374,0.000474238414853711,-0.000374407999471137,0.000379009897367682,-5.90878512382298e-05,-6.54321870053908e-05,-0.000117481482435026,-0.000102936065779896,7.56722188734824e-06,-5.09284309103068e-05,-8.22305624845772e-05,-9.11227569267246e-05,0.000118064903033504,0.000173129114744637,4.66874921401e-05,7.80985238456737e-05,0.000140955133693236,0.000100821394576183,9.87145017377125e-05,-6.80036331362052e-05,-0.000175758949125778,9.12401523854582e-05,1.05197920749166e-05,0.000104886165368366,-2.09038031395907e-05,-8.8631322331969e-07,-9.18526785903663e-05,-0.000202305397509441,1.07958988981618e-05,0.000117819279617512,-9.63033295314429e-05,-3.15440773223862e-05,-0.000222549748442089,-0.000227181193534683,-5.54233017950598e-05,-0.000263531447418698,-0.000110673145957964,-0.00303571779263599,-0.000443181398286054,5.08261653204364e-05
"ERR9709222","IDEI",-0.00046829110795538,0.000163561697622831,-2.34021242805756e-05,9.27098444668373e-05,1.78887499980684e-05,-4.53168073321824e-05,-3.17386330220236e-05,-5.01670435437335e-05,-4.53224923830829e-06,-2.18450590648158e-05,-4.59911979811201e-05,-1.3513189267423e-05,-3.02418992177411e-06,5.23277174467808e-05,4.13436876929745e-05,-2.0670282966202e-05,1.25364497190417e-05,-8.66578961220694e-06,9.89147650906396e-06,-2.28434802770328e-05,9.1629959561595e-07,-1.4909457471145e-05,1.01329307740252e-05,-2.91531075431581e-05,-2.46419684611289e-05,7.41534925983347e-06,-1.99366939003354e-06,-3.99110728885148e-07,-1.07071675487488e-05,-4.52409528104568e-05,-5.66696028283105e-06,-1.74202074787458e-05,-1.72815417591396e-05,-4.0497402625901e-05,2.85288434206056e-05,4.2721735153448e-05,-4.71512478575057e-05,8.50648715971336e-05,-0.000317664353031557,0.000255268351236061
"ERR9709223","IDEI",-0.000579771459912977,0.000316351768819894,-0.000136303677428511,0.00026719167972766,5.59579388545248e-05,-5.27485251189868e-05,-7.73108822444868e-06,-3.98740369111201e-06,3.34012263647889e-05,-9.39363211000227e-06,-2.56906230261301e-05,3.28140360056429e-06,1.53714192024008e-05,3.27232271003141e-05,-2.94150778982786e-05,4.38823505257786e-05,5.98886104955513e-05,6.74528261156044e-05,2.84864504997174e-05,-4.19245386059554e-05,2.58217169519458e-06,-6.55237006927888e-06,-8.01777424085003e-05,-4.2068511338601e-05,2.97694829675226e-06,-2.71097849829825e-05,-1.91045599872296e-05,-4.79448176419157e-05,7.78593263593421e-05,1.24352882735119e-05,1.68982401974427e-05,-7.66034079056827e-06,-9.47532344072372e-05,-8.48960264773615e-05,1.67771061141602e-05,-5.81325766460846e-05,-2.0746988890916e-05,-0.000117041857648941,-0.000171868116749075,-0.000766143202479621
"ERR9709224","IDEI",0.000159334436053013,1.10996562233767e-05,-0.000116927352453851,0.0014116298400711,0.000208373585765311,-0.000309741125612244,-2.59455543621539e-05,0.000396436651230823,0.000136583654543303,9.9161025292386e-05,-0.000199565503789409,-0.000123706973078171,0.000245674108499694,5.87946267400256e-05,-0.000250317966822721,-0.000174046195286354,0.000256402145736577,0.00052302641825962,0.000144329340077483,-0.00021595511253426,0.000113214508310831,-0.000624952578778447,-0.000120571719509047,-0.000405170064444699,0.000412829727172754,-0.000563453866297454,-0.000422130427661896,-0.000530720387084611,0.000603479597786609,-0.000331459836774194,6.73351755263075e-05,-0.000906061733120467,-0.00239104981515924,-0.00181230007399399,0.00143909169406696,0.00024830620793203,-0.000131779583118134,0.00041844075810135,-6.4460005591703e-05,3.79245662408762e-05
"ERR9709225","BLEK",0.00101754648127507,0.000440033154829002,0.00091931308962019,-0.00113579976976967,0.000257278450125398,-0.00120215399692349,0.00224118690175838,-0.000885769722727909,0.000488379207200245,0.000424706277440754,-0.000794859859678798,0.000233709494935363,-0.000632391837716547,0.00118893415545725,0.000872727347586402,-0.00116633469979576,-0.000609906682177556,0.000320286173949044,-0.000889322964336161,-7.06228523870375e-05,0.00107291767933994,-0.000286132520101571,-9.76178025265715e-05,0.000161216572432644,0.00025021368280452,-0.000538074502426283,-0.000308502518033681,-8.36179817976382e-05,-6.96654476429945e-05,0.00044328316777013,0.000402259525598538,-0.000158265471831946,-0.00055410548430512,0.000643541763399813,4.11246378965977e-05,4.79821944535065e-05,0.000222853783024891,-6.42280976285482e-05,3.46445780194854e-05,-7.82897165878722e-06
"ERR9709226","BLEK",0.000496923975829965,-6.42132037055013e-06,-0.000459937887524689,0.000513265622204807,-7.96436773526242e-06,5.11490564395353e-05,-9.1007267841775e-05,4.88633327916388e-05,3.82103003008993e-05,5.48380779359035e-05,7.99925727812648e-05,-0.000138326227768463,6.02800619656617e-05,-2.83662367823708e-05,2.52217244671438e-05,-0.000105409176676954,7.84465275193195e-05,0.000107063352329809,-1.884658905331e-05,-0.000139386107374031,1.59288731419191e-05,9.50036865552834e-06,-3.0994720474685e-05,-3.0467887560782e-05,9.99437383837614e-05,0.000103041649197056,-4.7278962860811e-05,3.15161622008934e-05,-5.21001582124063e-05,2.01001682286308e-05,-1.75272084755088e-05,-5.06092505398193e-05,1.07955416863467e-05,0.000113106257101638,-8.34876870747169e-06,-8.6599020228919e-05,8.22318099926585e-05,-0.000424533898072346,0.00253864457899909,1.28127628945824e-05
"ERR9709227","BLEK",0.000325377960495119,0.000490866207111801,0.000483181667945376,0.000481459828746418,0.000315661180003976,0.000432896473990786,0.000198260904236312,0.000739382345518623,0.000558507160314012,0.000970650322679775,0.000710609741970546,0.000326135637443283,-2.88244433590341e-05,0.000457122455540838,-0.000647640655877591,0.000379231979020782,0.000645234288318995,0.00174102415906267,-0.000913673425193774,0.000210743267801706,0.000846278963981758,0.00156408809850516,-0.000603266819109301,-0.00157285342210344,-0.000807228580689633,6.87487184298681e-05,0.000997551860648578,0.000868929647769879,-0.000547035079953847,-0.000309326093936185,0.000503135457380365,-0.000473344613004463,0.000650947325436362,-0.000290286147690488,-5.32729450272942e-05,0.000371745919957941,-4.12154132191589e-06,1.91205410617245e-05,-9.74935190279305e-05,1.36287762538301e-05
"ERR9709228","IDEO",-0.000112759683844776,-0.00105717910984089,0.000278220471758074,0.00078052548582746,-0.000944933034648168,0.00216025643793831,0.00181607172384515,-0.000746977892242532,-0.000547379421513187,0.000193676774110244,-0.000354887192519429,-0.000894617274267249,-0.000498451317113591,-7.57490980213503e-05,0.00117146471435608,0.000983487586205194,-3.28782737503138e-05,0.000330849230684805,0.000775548884446229,0.000367806448584928,-0.000947352977465209,6.17984279395706e-05,-0.00119367707847427,-0.000478655708751735,0.00045177595402706,-0.000371590679158671,-0.000231720763612111,8.56396637264972e-06,-0.000111191260889794,2.81582297042858e-05,0.000389005703949904,0.000598767679283496,0.000116695200843853,-0.000212939626579113,-0.000113882430770771,-0.000204105620139649,0.00035417113993942,6.83934072382039e-05,-6.13617859903078e-05,1.33603137200046e-06
"ERR9709229","IDEO",-0.000242508331442433,1.22446518087871e-05,-2.98431145202362e-06,3.55357761607124e-05,7.16281952789597e-06,3.79117664314986e-05,9.06868746870063e-06,-6.61451271244059e-05,-2.34396673009155e-05,-2.02789208627194e-05,-7.90324207312875e-06,-1.23865964898956e-05,-1.16451043392015e-05,2.65492089151134e-05,6.91282563181562e-06,7.04639070766746e-06,-8.84991027971993e-06,1.93469248254392e-05,1.87711717842744e-05,1.66857663664179e-05,-1.33382547091129e-05,4.82201212847254e-06,-8.27393715145264e-06,-7.35867965705213e-06,-1.10036762587857e-05,2.69078705370904e-05,8.34364768935674e-07,-1.20323751061572e-07,-7.48746614103934e-06,-2.3709955880929e-05,-1.50869572266767e-05,1.03349902590031e-05,3.04906285806599e-05,-2.13482878903624e-05,-2.12106185054414e-05,3.26168688528128e-05,-4.59911241007637e-05,8.36266776638218e-05,-0.000198203182729211,0.00037937899838966
"ERR9709230","IDEO",0.00105265140857358,-0.00144527455206601,2.90061507388449e-05,-0.000625566897910796,-0.000522890261220348,0.00021724869953242,-0.000720512263608833,0.00109073610793507,-0.000284907482743371,-0.000301759979898546,-0.00031406510496809,-5.60057066456022e-05,0.000134868697394827,0.00102852613753727,-0.0007613299541797,0.000941655087931011,0.000167241335283178,-7.7341026568478e-05,-0.0010977760295293,0.000195058415498609,0.000327622851539112,-0.000905945013134248,-0.00105613774156416,0.0014467363465872,0.000278842648893738,-0.00190764795281571,0.000506661447387392,0.000640918001521973,-4.7478296332575e-05,-0.00083518309155827,-0.000612280073519057,-0.000166498015406098,0.000136118197925247,0.000177051964227123,-0.000155331142400013,-0.000106022995731707,3.48763751199925e-05,-4.59760063711581e-05,-4.28354777578894e-05,-1.25792107164102e-05
"ERR9709231","MÅSE",0.00012364960468337,-0.000963569649346411,0.000663801494587464,0.00164869488724826,0.000748445749579468,0.000213324749458321,0.000334060854080702,-0.00133754253586149,0.00042347899421628,0.00039294639929773,0.00086135928849545,4.86460907035403e-05,-0.000534918069006097,-7.91753981076339e-05,-0.00188290774878677,0.000328931509924847,-0.000985754758874796,0.000106138632502801,0.000598168017694769,-0.00056752791123041,0.00100362851518187,-0.00113156676507075,0.000994071077072368,0.000121661674543718,0.0001192859980207,4.86439958584936e-05,-0.000423241587895993,0.000799978696536158,0.00100328690496128,-9.36129095967426e-05,-2.17329047288013e-05,0.000121545345133529,0.000608008858898622,0.000421250889043515,-0.000457289675764808,-0.000208792774985991,-4.75977022178582e-05,-2.73272705072132e-05,-0.000123599125712327,6.07467303516785e-06
"ERR9709234","MÅSE",-0.000423441609573526,-0.00102941965718363,0.000629475078671952,-0.000685228326284018,0.000331709597860223,-0.000303924582323205,-0.000276033501586142,0.000251936072837119,-0.00018256576020584,-5.22041832978137e-05,0.000461907866045222,-0.000177192887325208,0.000201203965676467,-0.000484315026937896,-0.000726002504341021,-4.55465014548017e-05,-0.000251743518905613,-0.0015994778238753,-0.000351491851666804,0.00056534499736239,0.000580846667649284,-0.000283283339675282,-0.000341366846735989,-0.00107317916772671,0.000687914533401149,-0.000284043214441369,0.00125246334204948,-0.00119552204536464,-0.000166348778713574,0.00116507757757609,0.00187081099869571,0.000584463619006001,-9.08583254780793e-06,-0.000879529673692656,-0.000430403583771453,-0.000472500912043542,-0.000275794492955794,-0.000142761527012253,6.94288809449841e-05,4.89982802791994e-06
"ERR9709235","RISO",-0.000461058112564343,-0.000478967282840103,0.000632094410547972,-0.000788475064204434,0.00112583545151645,0.000664593743658321,0.000446591706873669,-0.00125576055967457,0.000124053155257035,-0.00166548485463794,9.34858982869739e-05,0.0018591444886605,0.00227823409778906,-3.53158441214435e-05,-0.000107189688523797,0.000552055866680975,0.000500387557720316,0.000492655645345491,-8.74161368311867e-05,0.00052470494305126,-0.000595184288445611,-0.000367691062011025,-0.000171181003209183,0.000331426770584281,-0.000631499298277437,0.000524058897080641,-8.03141136139968e-05,0.000437812604914253,-0.000126505416418535,0.000265104637624553,0.000288755962243486,-0.000294507117978016,-0.000427326850315689,5.70715162031946e-05,0.000194438899840057,0.000123463971621516,-7.27198389099999e-06,-2.91186649946022e-05,9.61890007292555e-05,2.01540140709976e-06
"ERR9709236","RISO",-0.0014328046139115,-0.000396936742516684,0.00103373046052274,-0.000531058033387688,0.00185226075848111,5.67079914331405e-06,-0.00175597777106041,-0.00117277040433197,-0.00036597058054344,0.00168143593386906,0.000637438025510038,-0.0010015278398513,7.50673463704854e-05,0.000660577972187559,0.00121696401727399,-0.000304433022581269,-0.000183675678661599,0.000337335401550511,-0.000402150080770366,-5.99301213059066e-05,-0.000591973387864186,-0.000391797564289133,-0.000400188728083887,-0.000123855401486631,-0.000201133927522782,-9.72050946595761e-05,2.8003795396823e-05,-0.000310054297211414,-0.000224526871739676,-0.000378238025333908,-0.000956712686330023,0.000545384566941774,-0.000193025894196075,-7.10214705306852e-05,-1.55114745368795e-05,0.000158229921120562,3.74762693260295e-05,-4.25238577237236e-05,5.56934723101431e-05,4.99597609426522e-06
"ERR9709238","IDEO",-0.00033620739774387,-0.000758254534824688,0.000723635208302343,-0.000411424924261129,-0.000168430141524046,0.000444468900702447,0.000769368254503836,-0.000132705295889458,0.000578600060317367,0.000456931526713494,-0.000985226253192694,0.000580025453941135,-0.000740123722161998,-9.09404402255426e-06,-0.000743206259070007,-0.000461057048233349,0.000931221183086368,-0.000975236540629363,-0.000180961658148852,0.000652371880250759,-0.000691140613506949,0.00114540499543307,0.00135166477904215,0.000109397203564079,0.000511336990054246,0.00049837875857509,0.00136976455373716,0.000267676208913728,0.000516619310245021,-0.000274496165241899,-0.00181971115508358,0.000587696254656252,-0.000326006201119482,-0.000493724952192728,0.000496841580064777,-9.86675675159643e-05,-0.000393254163357006,-5.21007526825833e-05,8.23927478771419e-05,-8.58797415301984e-06
"ERR9709240","KALM",0.000432616354101831,0.000668288473104053,0.000773903848465411,-0.000465322661832273,-0.00041359342642151,0.000739407622860016,-0.000926874245200677,-0.000245037780868907,0.00135741376997032,-0.000395430403322547,-0.00020925165249517,0.000552869555600615,-0.00160043261906452,-0.0022696470102032,0.000532242596012083,-0.000163782468454188,0.000991823198136034,0.00107606722240692,-0.000851743711954836,-0.000507302289985774,-0.000355955070516747,-0.00125829389483045,0.000455428345075084,0.00028188277492667,4.00189563707072e-05,-0.000486442336965797,-4.05462782929063e-06,-0.000369538412359972,-0.00021074147099091,7.62166250015528e-05,0.000470755132680978,8.89804177794538e-05,0.000267120705305346,-8.03445477227221e-05,-6.32337605549787e-05,-6.50541132977492e-05,6.28459625976234e-06,1.52388562964993e-05,-3.04117724321082e-05,3.79410278734951e-06
"ERR9709241","KARM",-8.67852542624533e-05,-0.000484634820098507,-0.00133127303381878,-0.00085638354863944,-0.000579765221092768,0.00011538536170063,0.000147898645965685,-7.97146721703631e-05,0.000302040987199212,0.00157062065752779,-0.000656797939760196,-0.00069491674486563,0.000617953283006145,3.67551926725706e-06,-0.000637955314721833,-0.00044268880965972,-0.000241655084878921,0.000133840558279339,-0.000120921113510721,0.000165946767141016,-0.00127791774718265,-0.000425786305889447,0.000933829477778794,0.000154551089817912,-0.0010115600447951,-0.000425789455983376,-0.000778099682807427,0.00087056489893085,-0.000490374351990734,0.0015654993815111,0.000285611189100541,-0.00115751332763603,0.000494745629797727,-0.000876399371794572,-0.000407637461245045,-7.32303415416131e-05,-0.000557426281827903,0.000173434275387393,-3.93330000849421e-05,-2.62851429593711e-06
"ERR9709242","KALI",0.0014725054101113,0.000148901134039869,1.3625193111213e-05,-0.00145301695790842,-0.000533908809816907,-0.000339496538115346,0.000223319286512737,-0.000287165567615452,2.34078596367755e-05,-0.000592701050178212,0.0017215079569187,-0.000595232886577994,-0.000730406626822448,0.000347875100441123,-0.000442602235600984,0.000815900366780268,-0.00114500389668691,0.000601713210138584,0.000546602804800419,-0.00130901022994413,-0.000766798289633588,0.000371470851031648,-0.000380972534628195,0.000837536502983514,-0.000333673012092744,0.00119117450502303,0.00095991421129891,-0.000596915323020173,3.92575370672145e-05,0.000422348027894276,-0.000383538255203638,-0.000199200067638522,-5.44863612847733e-05,-0.000762796918179667,0.000767414791028111,-4.26336219012451e-05,5.0387992968285e-05,0.000158832765001588,-2.13244753541404e-05,-1.26665598625246e-05
"ERR9709243","KALI",0.0014469257618711,0.0004134042576914,5.65195514589877e-05,-0.000665630180924002,0.000504450309295243,0.000381768528278283,-0.000215028211932324,0.000472776544657714,0.00246395774145873,-0.00102084769512294,0.000638504937270848,-0.0014897790913907,0.000636342526088113,0.000392181217441592,0.000318694805366435,-0.000193106887886175,0.000263862823464058,-0.00106098828075166,0.000935608212312364,0.000702999520987731,2.80981472230995e-06,-1.80845486007185e-05,3.79594234434919e-05,-0.00124800968298313,9.22108650862741e-05,-0.000399285302910245,-0.000924030735774803,0.000197636948187077,0.000189684666346145,-0.000467973563846338,-0.000522139876740431,-9.28822752362891e-05,0.000381883391998947,0.0003418633128345,0.000265646971216614,-0.00023597256708043,7.58932863595321e-07,0.000129869359082959,-0.000100066782979483,-4.98512883856398e-06
"ERR9709244","KALI",0.000575055625683381,0.00120473316596538,0.000765806114223204,-0.000619572294732462,-0.000512245088509738,-0.000609064587660608,7.90571837099782e-05,-0.00066824755002925,-0.000811931725053219,0.00113553585959176,-0.000619893215730214,7.79332389699031e-05,0.000413809388701065,-7.98005821123458e-05,0.00016430918497254,0.00174641285811601,0.00137518096117222,-0.00113301402734385,0.00148879482655833,-0.000603779240133984,0.000777751631040207,-0.000387776420076704,0.000736535815465169,-5.98275608244238e-05,-0.000646657492469034,-0.000208616294851392,0.00023204426222458,-0.000325675833031177,-0.000461678754783471,-0.00104724104988134,0.0003270042758657,-0.000626864371914479,0.000190434611655366,-0.000184033274092191,-0.000228307128642504,0.000315259417090052,0.000338215717533215,0.000111549108985722,6.85617190729512e-05,1.59187044283358e-06
"ERR9709245","BLEK",0.00106003871089416,0.0005988165630141,-0.000527152231011964,0.00114819576319755,-0.000362859819424811,-0.000155882534501891,0.000201093000287525,0.000537138041660525,-0.000591703427439299,1.29127958467099e-05,0.000345581706705316,7.84772422058262e-05,0.000729559569832957,0.00099990454260577,0.000860247779515733,0.00017238609779932,0.000665282650147711,0.000205699841466867,-0.0008516463274215,0.000468506978513335,6.19163700157204e-05,-0.00192694341580072,0.000787196653570681,-0.0003608505756725,0.00104376542278566,0.0013007219755265,0.000575522172062899,-0.000317504536700423,-0.000481931293663589,0.000829201244228639,-0.00069907516846941,0.000500093556030265,0.00115807813713671,-5.27742824269796e-05,0.000432344610539252,0.000284413315937443,-0.000152510065138302,0.000276401691255134,-0.000190317508522521,7.25723557048741e-07
"ERR9709246","BLEK",0.000535147811091599,0.000916634931124936,0.000668240621230077,-0.000848926438683255,-0.000170890552886263,0.000139787187834835,-3.61352937501096e-05,0.00133391319359753,-0.000779114976070067,0.00111216207388726,0.000624164562743144,0.0011029924933725,0.000522963447449823,-0.000582690095651799,2.03883352725633e-05,0.000652945613728926,-0.000947546881001743,0.000417911400833665,-3.41030150806552e-05,0.0010494061568104,-0.00017074545790084,0.000617689966624789,0.000529257417017223,0.000178773974949727,0.000438248522124552,-0.000434451310857849,-0.0016261607598563,-0.000345096415662796,0.00161606300651871,0.000151210507275473,1.68234321935353e-05,0.0011214047821136,0.000309263463226149,-0.000182770960291095,0.000352378553047085,0.000106813439010529,0.0002723799033397,-8.26145524798341e-06,4.89417817429564e-05,6.04714207454863e-06
"ERR9709247","BLEK",-0.000708298927907322,0.00158235743727074,-0.000234617030475256,0.000395484006398023,-4.70797873670391e-05,-7.34315698918048e-05,3.83870003279372e-05,-0.000206058939268706,-0.00025208758755107,-0.0001101445606113,-5.93888297702896e-05,8.38813290441205e-05,0.000199202075043557,0.000309722364623236,-5.63036282274876e-06,0.000357570650373433,2.11946520684022e-05,0.00029207346142682,-0.000102650509940645,-0.000186430390013836,-0.000141013899353241,0.000306326648295442,-0.000194456433874658,9.79072264857976e-05,-5.2452259793534e-05,-0.000498348323933549,0.000263565149991806,-0.000352035336208129,0.000210641690103906,-3.42245137188051e-06,-0.000193670670942332,-6.0305165828926e-05,-0.000116553680224235,0.000668306281663745,-9.27875670670455e-05,-0.00301115506287677,-0.00162974560879044,0.000457678796586692,-3.61512992200687e-06,3.61740824654833e-05
"ERR9709248","IDEI",0.000787288061610805,-0.00195521116158737,0.000465811375739846,0.000190079676971199,-0.000812108933059739,-0.000111425531279651,-0.000931996742396403,0.000404442433497198,-0.000787972416563303,-0.00087800879075443,-0.000353469409273006,0.000497727868295085,-0.000115119849310099,0.000319411274757156,0.000706114375458775,5.0059009270222e-05,-0.000886284575859615,0.000542730676962373,0.000147262961798715,-0.00052599787263009,0.00022305812620572,0.000618668728348238,0.00182211140560024,-0.00137049812741718,-0.000811655185761729,-0.000307245472408621,-0.000462580687447232,-0.000568206541433166,-0.00113203041674435,4.02673882604505e-05,-0.000317037949860183,6.39955076348669e-05,-0.000570545571423433,0.000686871303760179,-1.6625298495844e-06,-0.000506491622446256,0.000196297769199205,3.24800562576084e-05,-9.31284174141709e-05,-2.26700510858825e-05
"ERR9709249","IDEI",-0.00131614312398719,0.000247115326981478,0.000929454738110058,0.00056484453143544,-0.00317629547573323,-0.00101610391470688,-0.000895953958727866,-0.000912687283688538,0.00071543812506279,7.08510574437791e-05,0.000595292081212915,0.000564429018455382,0.000591180170699364,0.000413654428774243,8.81205189638166e-05,-0.000701201824227343,-0.000306129654856788,-0.000576226191438475,-0.0002461978520866,-1.61165816854739e-05,-0.000476429968790467,-1.01106749562012e-05,-0.000902899384486856,-0.000403700418452044,-5.17897083677049e-05,0.000167521901522415,-4.94188058751133e-05,0.000636817636833469,0.000538047998180023,-0.000180436580651641,9.7099478129578e-05,5.72793409547462e-05,-4.0473538184136e-05,0.000294100675326144,2.51424055967578e-05,0.000453125930467874,1.23367225682361e-05,-4.23422582384935e-07,2.17276433661239e-05,1.41984546246105e-05
"ERR9709251","IDEO",0.000181960989262433,-0.000205562103553055,0.000492904017273244,-0.000415239634376181,-7.11378762703658e-05,-3.44472461394617e-06,3.60325527170696e-05,3.01460372545422e-05,-2.57571471580638e-05,4.56983243998027e-06,8.34284799055711e-05,3.63842225918467e-05,-3.51875700137264e-05,-0.000102078916421622,3.90702795900973e-05,-9.15223343767881e-05,-0.00013303564690316,-4.55855795361965e-05,-1.63353283255575e-07,4.92022756790354e-05,8.82199598369039e-07,-3.06559076012061e-05,-1.57794093333154e-05,8.34393992144179e-07,-1.93117270298647e-05,-1.96972462045488e-05,-2.5999536946543e-05,8.15670010056546e-05,-5.18333322563954e-05,-2.84248190431136e-05,-8.48189387290383e-06,6.80554557042971e-05,0.000127088894305647,0.000106402100132083,1.14433085294781e-05,7.34817616952878e-05,3.55971334572877e-05,0.000338409923596648,0.000142637913963872,-4.10983072634428e-05
"ERR9709252","RISO",-0.000734991749437412,-0.000168663176956858,7.88349175466109e-05,-9.29961108972989e-05,0.000130495757072961,0.000303479611095857,-6.89801968552934e-05,0.000510329935310237,-0.000362427837675296,0.000327602028193005,-5.63406943244732e-05,-0.000986071548756931,1.59426274381048e-05,-0.000344747700828577,-0.000701017177796315,0.000552589972538532,0.000866737893079358,-0.000146722325402486,-0.000288378483166633,-0.000479188846867949,-0.000312448330056599,0.000311279539735967,-3.68866443750709e-05,-1.88649524095887e-05,0.000374180320745987,0.000194206929001894,4.07301465275367e-05,-0.00036188955466258,0.000575363827485931,0.00120559097769277,0.000371152558747569,-0.000784784135413481,-0.000641682027159185,0.00274745515586039,0.0012758084283081,0.000810233597373117,-1.97847942240757e-05,-4.64347690346935e-05,-9.13381542233209e-05,1.20989146125476e-05
"ERR9709253","RISO",-0.00131485656696859,-0.000164191034769457,0.000264179505059048,0.000268977626864115,-0.000191448570915952,-6.71261148120449e-06,3.14792330138148e-05,-0.000460682686120418,-6.06383093996643e-05,-0.000906759436543705,0.000480989372428113,-0.000312907035621351,-0.000737246977481415,0.000442682256006091,-0.000372754404297803,0.000474292636665184,0.000905665977226892,-0.000279809277089132,-0.000753778535345173,0.00034483974929633,0.00105951772180558,0.00120902107244909,-9.05348845619473e-05,0.000952976045951097,0.000424463274799852,0.00029674572253666,-0.00202894771591202,-0.00118013586611541,-0.000883285510877773,0.000494105840567479,-0.0005799272753865,-0.000614355631479457,0.000607986691278835,-0.000777076458896897,-0.000485401523742339,0.000480585081855706,-0.00050070249463926,0.000133821044207709,3.94083352011415e-05,1.1969650393355e-05
